,电影名称,年份,年度票房,国家地区,主类型,作品类型,片长,导演,演员
0,007:大破天幕杀机,2013,37612.7,英国/美国,动作,动作/冒险/惊悚,143,萨姆·门德斯,丹尼尔·克雷格/拉尔夫·费因斯/哈维尔·巴登/玛吉·史密斯
1,X战警:天启,2016,80283.54,美国,动作,动作/科幻/冒险,143,布莱恩·辛格,迈克尔·法斯宾德/詹姆斯·麦卡沃伊/詹妮弗·劳伦斯/尼古拉斯·霍尔特
2,X战警:逆转未来,2014,72296.12,美国,科幻,科幻/动作/冒险,129,布莱恩·辛格,休·杰克曼/詹姆斯·麦卡沃伊/迈克尔·法斯宾德/詹妮弗·劳伦斯
3,—出好戏,2018,135504.77,中国,喜剧,喜剧,134,黄渤,黄渤/舒淇/王宝强/张艺兴
4,一九四二,2012,36994.02,中国,剧情,剧情/历史/战争,145,冯小刚/韩阳/左懿/顾海平,张国立/徐帆/陈道明/李雪健
5,一步之遥,2014,49195.22,中国,喜剧,喜剧/歌舞/爱情,140,姜文/崔紫雄,姜文/葛优/王志文/周韵
6,一点就到家,2020,31216.1,中国,剧情,剧情/青春/喜剧/主旋律,97,许宏宇,刘昊然/彭昱畅/尹昉/谭卓/李佳琦/张琪
7,万里归途,2022,159304.66,中国,剧情,剧情/战争/主旋律,137,饶晓志,张译/王俊凯/殷桃/成泰燊/张子贤/陈吴宇/王迅
8,中国医生,2021,132818.97,中国,剧情,剧情/主旋律,129,刘伟强,张涵予/袁泉/朱亚文/李晨/易烽千玺/欧豪/周也
9,中国合伙人,2013,53879.0,中国,剧情,剧情/青春/爱情/励志/友情/主旋律,112,陈可辛,黄晓明/佟大为/邓超/杜鹃/乔治·安东
10,中国机长,2019,290354.36,中国,剧情,剧情/灾难/主旋律,111,刘伟强,张涵予/袁泉/欧豪/杜江/张天爱/李沁
11,乘风破浪,2017,104852.84,中国,剧情,剧情,102,韩寒/张洪伟,邓超/董子健/赵丽颖/李荣浩/张本煜/彭于晏
12,九层妖塔,2015,68292.98,中国,动作,动作/惊悚/奇幻/冒险,117,陆川/程浩/玮子,姚晨/赵又廷/凤小岳/李晨/唐嫣
13,人再囧途之泰囧,2012,100302.94,中国,喜剧,喜剧/公路,105,徐峥,徐峥/王宝强/黄渤/陶虹
14,人潮汹涌,2021,76247.97,中国,剧情,剧情/喜剧/犯罪,119,饶晓志,刘德华/肖央/万茜/程怡/戴军/狄志杰
15,人生大事,2022,171315.77,中国,剧情,剧情/家庭,112,刘江江,朱一龙/杨恩又/王戈/刘陆/罗京民/郑卫莉/陈创
16,人生路不熟,2023,118561.06,中国,喜剧,喜剧,100,易小星,乔杉/范丞丞/马丽/张婧仪/常远/田雨
17,从你的全世界路过,2016,81417.49,中国,爱情,爱情/喜剧,113,张一白,白百何/邓超/张天爱/杨洋
18,你好，李焕英,2021,541329.98,中国,喜剧,喜剧/亲情,128,贾玲,贾玲/张小斐/沈腾/陈赫/魏翔
19,你的婚礼,2021,78925.98,中国,爱情,爱情/青春,115,韩天,许光汉/章若楠/丁冠森/晏紫东
20,侏罗纪世界,2015,142069.73,美国,动作,动作/冒险/科幻/惊悚,124,胡安·安东尼奥·巴亚纳,劳拉·邓恩/克里斯·帕拉特/泰·辛普金斯
21,侏罗纪世界2,2018,169587.75,美国,动作,动作/科幻/冒险,128,J·A·巴亚纳,克里斯·帕拉特/布莱丝·达拉斯·霍./杰夫·高布伦/黄荣亮
22,侏罗纪世界3,2022,105993.35,美国,动作,动作/科幻/冒险/惊悚,147,科林·特莱沃若/科林·特莱沃若,克里斯·帕拉特/布莱丝·达拉斯·霍华德/杰夫·高布伦/劳拉·邓恩/山姆·尼尔
23,侏罗纪公园,2013,34886.36,美国,科幻,科幻/动作/冒险/惊悚,127,史蒂文·斯皮尔伯格,山姆·尼尔/劳拉·邓恩/杰夫·高布伦/理查德·阿滕伯勒
24,信条,2020,45507.28,美国/英国,科幻,科幻/动作/剧情,151,克里斯托弗·诺兰/乌迪安·贝加尔,约翰·大卫·华盛顿/罗伯特·帕丁森/伊丽莎白·德比齐/肯尼思·布拉纳/迈克尔·凯恩
25,八佰,2020,310232.36,中国,战争,战争/历史/主旋律,147,管虎,姜武/张译/王千源/黄志忠/张俊一/欧豪
26,八角笼中,2023,220871.45,中国,剧情,剧情/动作,117,王宝强,王宝强/陈永胜/史彭元/王迅
27,冰川时代4:大陆漂移,2012,44742.86,美国,动画,动画,94,史蒂夫·马蒂诺/麦克·特米尔,西恩·威廉·斯科特/彼特·丁拉基/詹妮弗·洛佩兹/艾伦·图代克
28,分手大师,2014,66540.26,中国,喜剧,喜剧/爱情,114,邓超/俞白眉,杨幂/邓超/孙俪/梁超
29,刺杀小说家,2021,103520.56,中国,奇幻,奇幻/动作/悬疑/冒险,130,路阳,雷佳音/杨幂/董子健/于和伟/郭京飞/佟丽娅
30,前任3:再见前任,2018,164667.27,中国,爱情,爱情/喜剧,120,田羽生,韩庚/郑恺/于文文/曾梦雪
31,前任4:英年早婚,2023,101087.75,中国,爱情,爱情/喜剧,129,田羽生,韩庚/郑恺/于文文/刘雅瑟
32,功夫熊猫3,2016,100199.8,中国/美国,动画,动画/动作/冒险/喜剧,95,吕寅荣/亚历山德罗·卡罗尼/滕华涛,杰克·布莱克/安吉丽娜·朱莉/达斯汀·霍夫曼/塞斯·罗根
33,功夫瑜伽,2017,175259.36,中国/印度,喜剧,喜剧/动作/冒险,108,唐季礼,成龙/李治廷/张艺兴/曾志伟
34,加勒比海盗5:死无对证,2017,117990.97,美国,动作,动作/奇幻/冒险,129,乔阿吉姆·罗恩尼/艾斯彭·山德伯格,约翰尼·德普/哈维尔·巴登/卡雅·斯考达里奥/布兰顿·思怀兹/奥兰多·布鲁姆
35,匆匆那年,2014,58161.86,中国,爱情,爱情/青春,100,张一白/李晗/刘晗,倪妮/彭于晏/魏晨/张子萱
36,北京遇上西雅图,2013,51974.54,中国,爱情,爱情/喜剧,123,薛晓路,吴秀波/汤唯/海清/买红妹/金燕玲
37,北京遇上西雅图之不二情书,2016,78674.64,中国,爱情,爱情/喜剧,129,薛晓路,汤唯/吴秀波/秦沛/惠英红
38,十二生肖,2012,88115.12,中国,动作,动作/冒险/喜剧,122,成龙,成龙/姚星彤/廖凡/张蓝心
39,反贪风暴5:最终章,2022,48149.73,中国,动作,动作/犯罪/悬疑,95,林德禄,古天乐/张智霖/郑嘉颖/宣萱/黄宗泽
40,变形金刚4:绝迹重生,2014,197751.1,美国/中国,科幻,科幻/动作/冒险,166,迈克尔·贝/刘静仪,马克·沃尔伯格/妮可拉·佩尔茨/斯坦利·图齐/T·J·米勒
41,变形金刚5:最后的骑士,2017,155124.28,美国,动作,动作/冒险/科幻,150,迈克尔·贝,马克·沃尔伯格/彼特·库伦/伊莎贝拉·莫奈/杰洛·卡迈克尔
42,叶问3,2016,77028.44,中国,动作,动作/传记/历史,110,叶伟信,甄子丹/能黛林/张晋/谭耀文
43,叶问4:完结篇,2020,41914.39,中国,动作,动作/剧情,107,叶伟信,甄子丹/斯科特:阿特金斯/吴建豪/陈国坤/吴樾/林家栋
44,同桌的妳,2014,45573.6,中国,爱情,爱情/青春/怀旧,98,郭帆/孔大山/郁刚,周冬雨/林更新/隋凯/王啸坤
45,后会无期,2014,62881.15,中国,爱情,爱情/公路/文艺,120,韩寒/于梦,陈柏霖/陈乔恩/冯绍峰/钟汉良
46,后来的我们,2018,136151.52,中国,爱情,爱情/剧情,120,刘若英,周冬雨/井柏然/田壮壮/苏小明
47,听风者,2012,23216.96,中国,剧情,剧情,120,麦兆辉/庄文强,梁朝伟/周迅/王学兵/范晓萱
48,哥斯拉,2014,48141.72,美国,科幻,科幻/灾难/动作,123,加里斯·爱德华斯,亚伦·泰勒-约翰逊/布莱恩·科兰斯顿/伊丽莎白·奥尔森/渡边谦
49,哥斯拉2:怪兽之王,2019,93736.81,美国,科幻,科幻/灾难/动作,132,迈克尔·道赫蒂,凯尔·钱德勒/米莉·博比·布朗/布莱德利·惠特福德/维拉·法梅加
50,哥斯拉大战金刚,2021,123262.87,美国,动作,动作/科幻/冒险,113,亚当·温加德,亚历山大斯卡斯加德/米莉·博比·布朗/丽贝卡·豪尔/布莱恩·泰里·亨利
51,哥，你好,2022,54830.99,中国,喜剧,喜剧/剧情,111,张栾,马丽/常远/魏翔/贾冰/黄允桐
52,哪吒之魔童降世,2019,500358.84,中国,动画,动画/玄幻/动作/冒险,110,饺子,吕艳婷/囧森瑟夫/瀚墨/陈浩/绿绮
53,唐人街探案,2016,68261.87,中国,喜剧,喜剧/动作/剧情/悬疑,135,陈思诚,王宝强/刘昊然/肖央/佟丽娅
54,唐人街探案2,2018,339768.79,中国,喜剧,喜剧/动作/悬疑,120,陈思诚,王宝强/刘昊然/肖央/刘承羽
55,唐人街探案3,2021,451505.11,中国,喜剧,喜剧/动作/悬疑/探案,136,陈思诚/彭瑛朝,刘昊然/王宝强/张子枫/妻夫木聪/托尼贾/三浦友和/长泽雅美
56,四海,2022,54294.8,中国,剧情,剧情/喜剧/文艺,128,韩寒/线雨轩,刘昊然/刘浩存/沈腾/尹正/乔杉
57,地心历险记2:神秘岛,2012,38651.89,美国,科幻,科幻/动作/冒险/喜剧,94,布拉德·佩顿,道恩·强森/乔什·哈切森/瓦妮莎·哈金斯/迈克尔·凯恩
58,地心引力,2013,43553.24,美国,科幻,科幻/惊悚/冒险,91,阿方索·卡隆,乔治·克鲁尼/桑德拉·布洛克/艾德·哈里斯/奥托·伊格内修森
59,坏蛋联盟,2022,33523.26,美国,动画,动画/冒险/喜剧,101,彼埃尔·佩里菲尔,山姆:洛克威尔/奥卡菲娜/安东尼:拉莫斯/马克·马龙/克雷格·罗宾森
60,坚如磐石,2023,134883.06,中国,剧情,剧情/犯罪/悬疑,127,张艺谋,雷佳音/张国立/于和伟/周冬雨/孙艺洲/李乃文/许亚军
61,复仇者联盟,2012,56648.51,美国,科幻,科幻/动作/冒险,143,乔斯·韦登,克里斯·埃文斯/小罗伯特·唐尼/克里斯·海姆斯沃斯/斯嘉丽·约翰逊
62,复仇者联盟2:奥创纪元,2015,146439.14,美国,科幻,科幻/动作/冒险,141,乔斯·韦登,亚伦·希梅尔斯坦/琳达·卡德里尼/朱利安·布里奇/曼德拉·加杜卡
63,复仇者联盟3:无限战争,2018,239053.22,美国,动作,动作/科幻/奇幻/冒险,150,安东尼·罗素/乔·罗素,小罗伯特·唐尼/克里斯·海姆斯沃斯/克里斯·埃文斯/乔什·布洛林
64,复仇者联盟4:终局之战,2019,424922.22,美国,动作,动作/科幻/冒险,181,安东尼·罗素/乔·罗素,小罗伯特·唐尼/克里斯·埃文斯/克里斯·海姆斯沃斯/乔什·布洛林/布丽·拉尔森/查德维克·博斯曼/斯嘉丽·约翰逊
65,夏洛特烦恼,2015,144159.53,中国,喜剧,喜剧/爱情/青春,104,闫非/彭大魔/周正飞,沈腾/李立群/艾伦/宋阳/马丽/尹正
66,大闹天竺,2017,75792.68,中国,喜剧,喜剧/动作/冒险,100,王宝强,王宝强/柳岩/岳云鹏/白客/林永健
67,大黄蜂,2019,114956.23,美国,动作,动作/科幻/冒险,114,特拉维斯·奈特,海莉·斯坦菲尔德/帕梅拉·奥德隆/约翰·塞纳/彼特·库伦/格蕾丝·达斯恩妮
68,天将雄师,2015,74417.7,中国,动作,动作/冒险/剧情,127,李仁港/成龙/肖昂/施磊,成龙/约翰·库萨克/崔始源/保罗·菲利普·克拉克
69,失控玩家,2021,61250.11,美国,动作,动作/冒险,115,肖恩·利维,瑞安·雷诺兹/朱迪·科默/里尔·莱尔·哈瓦瑞/塔伊加·维迪提/乔·基瑞
70,头号玩家,2018,139666.06,美国,科幻,科幻/动作/冒险,140,史蒂文·斯皮尔伯格,泰尔·谢里丹/奥利维亚·库克/本·门德尔森/西蒙·佩吉
71,夺冠,2020,83566.85,中国,剧情,剧情/运动/励志/主旋律,135,陈可辛/孙岩,巩俐/白浪/彭昱畅/吴刚/陈展/罗慧/李冬徐/马雪纯
72,奇幻森林,2016,97933.0,美国,奇幻,奇幻/冒险/剧情,105,乔恩·费儒,郭涛/郭子睿/张涵予/尼尔·塞西
73,奇异博士,2016,75165.47,美国,奇幻,奇幻/冒险/动作,115,斯科特·德瑞克森/詹姆斯·古恩/塔伊加·维迪提,本尼迪克特·康伯巴奇/蒂尔达·斯文顿/切瓦特·埃加福特/瑞秋·麦克亚当斯
74,奇迹·笨小孩,2022,137992.66,中国,剧情,剧情,106,文牧野,易烊千玺/田雨/王传君/章宇
75,如果声音不记得,2020,33498.13,中国,爱情,爱情/奇幻,102,落落,章若楠/孙晨竣/王彦霖/严屹宽/左小青
76,姜子牙,2020,160298.34,中国,动画,动画/奇幻/冒险/动作,110,程腾/李炜/王昕/李夏/皇贞季,山新/郑希/李佳怡/邢子皓/陈思宇/朱茗妙
77,孤注一掷,2023,385117.91,中国,剧情,剧情/犯罪/悬疑,130,申奥,张艺兴/金晨/咏梅/王传君/王大陆/周也/孙阳
78,宠爱,2020,51059.9,中国,剧情,剧情/喜剧/爱情,108,杨子,陈伟霆/郭麒麟/余皑磊/檀健次/钟楚曦
79,寒战,2012,25303.53,中国,动作,动作/警匪,97,陆剑青/梁乐民,郭富城/梁家辉/李治廷/彭于晏
80,寒战2,2016,67819.26,中国,动作,动作/警匪/悬疑,110,梁乐民/陆剑青,郭富城/梁家辉/周润发/杨采妮
81,寻梦环游记,2017,115250.85,美国,动画,动画/冒险/亲情,105,李·昂克里奇/阿德里安·莫利纳,本杰明·布拉特/盖尔·加西亚·贝纳尔/芮妮·维克托/阿兰纳·乌巴奇/切奇·马林
82,寻龙诀,2015,137391.28,中国,动作,动作/冒险/惊悚,125,乌尔善,陈坤/黄渤/杨颖/夏雨/舒淇/刘晓庆
83,封神第—部:朝歌风云,2023,263606.82,中国,剧情,剧情/神话/古装/玄幻/动作,148,乌尔善,费翔/李雪健/黄渤/于适/陈牧驰/娜然/此沙
84,小时代,2013,48436.35,中国,爱情,爱情/青春,116,郭敬明,柯震东/杨幂/谢依霖/郭采洁/郭碧婷/姜潮/陈学冬
85,小时代3:刺金时代,2014,52155.84,中国,爱情,爱情/青春/职场/友情,126,郭敬明/黄常祚,锦荣/郭采洁/郭碧婷/谢依霖
86,少年派的奇幻漂流,2012,57288.81,美国,剧情,剧情/冒险/灾难,127,李安/林君昵,伊尔凡·可汗/苏拉·沙玛/拉菲·斯波/阿迪勒·侯赛因
87,少年的你,2019,155622.55,中国,剧情,剧情/青春,135,曾国祥,周冬雨/易烽千玺/尹防/黄觉
88,巨齿鲨,2018,105178.13,美国,动作,动作/科幻/冒险,115,乔·德特杜巴,杰森·斯坦森/李冰冰/鲁比·罗丝/雷恩·威尔森
89,巨齿鲨2:深渊,2023,85198.63,美国/中国,动作,动作/科幻/惊悚/冒险,117,本·维特利,杰森:·斯坦森/吴京/蔡书雅/克利夫柯蒂斯/佩吉·肯尼迪
90,异星战场,2012,26008.53,美国,科幻,科幻/动作/冒险,132,安德鲁·斯坦顿,布莱恩·科兰斯顿/马克·斯特朗/泰勒·克奇/Ciar&#225;n Hinds
91,心花路放,2014,116934.12,中国,喜剧,喜剧/爱情/公路,118,宁浩/张弛/吕赢,袁泉/周冬雨/陶慧/岳小军
92,志愿军:雄兵出击,2023,85309.88,中国,战争,战争/主旋律/历史,140,陈凯歌/林杰/陈飞宏/储文明,唐国强/王砚辉/刘劲/辛柏青/张颂文/章子怡/朱亚文/张子枫/魏大勋
93,怒火·重案,2021,132907.63,中国,动作,动作/犯罪,128,陈木胜,甄子丹/谢霆锋/秦岚/谭耀文
94,急先锋,2020,29380.92,中国,动作,动作/冒险/喜剧,108,唐季礼/周惠坤/陈志豪,成龙/杨洋/艾伦/徐若晗/母其弥雅
95,恶棍天使,2015,59736.2,中国,喜剧,喜剧,124,邓超/俞白眉,邓超/孙俪/许可嘉/代乐乐/栾元晖
96,悬崖之上,2021,119014.53,中国,剧情,剧情/动作/悬疑,120,张艺谋,张译/于和伟/秦海璐/朱亚文/刘浩存/倪大红/李乃文
97,惊奇队长,2019,103517.78,美国,动作,动作/科幻/冒险,124,安娜·波顿/瑞安·弗雷克,布丽·拉尔森/塞缪尔·杰克逊/本·门德尔森/裘德·洛/嘉玛·陈
98,我不是药神,2018,309996.1,中国,剧情,剧情/喜剧,96,文牧野/尚进/舒巴姆·古普塔/高拉夫·德文·卡肖尔,徐峥/宁浩/王传君/周一围
99,我和我的家乡,2020,282883.18,中国,剧情,剧情/喜剧/主旋律,153,宁浩/徐峥/陈思诚/邓超/俞白眉/闫非/彭大魔/蔡婧,黄渤/王宝强/刘吴然/佟丽娅/葛优/吴京/张译/徐峥/雷佳音
100,我和我的父辈,2021,147687.87,中国,剧情,剧情/主旋律,156,吴京/章子怡/徐峥/沈腾,吴京/章子怡/徐峥/沈腾/吴磊/黄轩
101,我和我的祖国,2019,312366.45,中国,剧情,剧情/主旋律,155,陈凯歌/张一白/管虎/薛晓路/徐峥/宁浩/文牧野,黄渤/张译/刘涛/杜江/葛优/宋佳/刘昊然/陈飞宇/王天辰/佟丽娅
102,我在时间尽头等你,2020,50432.57,中国,爱情,爱情/奇幻/喜剧,115,姚婷婷,李鸿其/李一桐/张超/范伟/罗辑/郭欣禹
103,我的姐姐,2021,86019.06,中国,剧情,剧情/家庭,126,殷若昕/周正飞/张正权,张子枫/肖央/朱媛媛/段博文/梁靖康/金遥源
104,战狼2,2017,567874.73,中国,动作,动作/战争/主旋律,123,吴京,吴京/弗兰克·格里罗/昊刚/张翰/卢靖姗
105,扫毒2:天地对决,2019,131143.34,中国,剧情,剧情/动作/犯罪/悬疑,100,邱礼涛,刘德华/古天乐/苗侨伟/林嘉欣/卫诗雅/恭硕良
106,扬名立万,2021,91948.75,中国,喜剧,喜剧/悬疑,123,刘循子墨,尹正/邓家佳/喻恩泰/杨皓宇/秦霄贤
107,拆弹专家2,2020,131477.87,中国,动作,动作/犯罪,121,邱礼涛,刘德华/倪妮/刘青云/吴卓義/谢君豪/姜皓文
108,捉妖记,2015,243996.94,中国,奇幻,奇幻/喜剧,118,许诚毅/郭钟宇/孙岩,白百何/吴君如/钟汉良/曾志伟/姜武/闫妮
109,捉妖记2,2018,223707.71,中国,喜剧,喜剧/奇幻,111,许诚毅,白百何/井柏然/梁朝伟/李宇春
110,摔跤吧!爸爸,2017,129911.99,印度,喜剧,喜剧/运动/剧情/传记,140,涅提·蒂瓦里,阿米尔·汗/桑亚·玛荷塔/法缇玛·萨那·纱卡/塞伊拉·沃西
111,攀登者,2019,109500.7,中国,剧情,剧情/冒险/动作/爱情/主旋律,125,李仁港,吴京/章子怡/张译/井柏然/胡歌
112,敢死队2,2012,33158.23,美国/中国,动作,动作/惊悚/冒险,103,西蒙·韦斯特,利亚姆·海姆斯沃斯/杰森·斯坦森/布鲁斯·威利斯/西尔维斯特·史泰龙
113,新神榜:杨戬,2022,55586.49,中国,动画,动画/奇幻,128,赵霁,王凯/李兰陵/季冠霖/李立宏
114,无双,2018,127376.34,中国,动作,动作/犯罪,130,庄文强,周润发/郭富城/廖启智/孙佳君
115,无名,2023,93157.74,中国,剧情,剧情/悬疑/动作,128,程耳,梁朝伟/王一博/周迅/黄磊/大鹏/王传君/森博之/江疏影/张婧仪
116,无名之辈,2018,79408.6,中国,剧情,剧情/喜剧,108,饶晓志,陈建斌/任素汐/潘斌龙/章宇
117,明日战记,2022,67980.39,中国,动作,动作/科幻/冒险,99,吴炫辉,古天乐/刘青云/刘嘉玲/谢君豪/姜皓文
118,星球大战:原力觉醒,2016,82557.29,美国,科幻,科幻/动作/冒险,135,J·J·艾布拉姆斯,黛茜·雷德利/约翰·波耶加/哈里森·福特/奥斯卡·伊萨克
119,星际穿越,2014,75532.05,美国/英国,科幻,科幻/冒险/亲情/悬疑/穿越,169,克里斯托弗·诺兰,马修·麦康纳/安妮·海瑟薇/杰西卡·查斯坦/比尔·欧文
120,星际迷航:暗黑无界,2013,35293.98,美国,科幻,科幻/动作/冒险,132,J·J·艾布拉姆斯,克里斯·派恩/扎克瑞·昆图/本尼迪克特·康伯巴奇/卡尔·厄本
121,普罗米修斯,2012,22321.1,美国,科幻,科幻/动作/恐怖,122,雷德利·斯科特,劳米·拉佩斯/迈克尔·法斯宾德/查理兹·塞隆/帕特里克·威尔森
122,晴雅集,2020,36891.54,中国,动作,动作/爱情/玄幻,132,郭敬明/古容,赵又廷/邓伦/王子文/春夏/汪铎/孙晨竣
123,智取威虎山,2014,45527.08,中国,动作,动作/战争/冒险/主旋律,141,徐克,张涵予/林更新/梁家辉/余男
124,末日崩塌,2015,62967.34,美国,灾难,灾难/惊悚/动作/冒险,114,布拉德·佩顿,道恩·强森/亚历珊德拉·达达里奥/艾恩·格拉法德/科尔顿·海恩斯
125,李茂扮太子,2022,46222.72,中国,喜剧,喜剧/古装,100,高可/杨晓明,马丽/常远/艾伦/魏翔/王成思
126,极限特工:终极回归,2017,112741.04,美国,动作,动作/冒险,107,D·J·卡卢索,范·迪塞尔/塞缪尔·杰克逊/康纳·麦格雷戈/迪皮卡·帕度柯妮/托尼·贾
127,毒液:致命守护者,2018,187013.18,美国,动作,动作/科幻/惊悚,107,鲁本·弗雷斯彻,托弗·戈瑞斯/汤姆·哈迪/米歇尔·威廉姆斯/里兹·阿迈德
128,比悲伤更悲伤的故事,2019,95792.07,中国,爱情,爱情,105,林孝谦,陈意涵/刘以豪/张书豪
129,沐浴之王,2020,40254.65,中国,喜剧,喜剧/动作,103,易小星,彭昱畅/乔杉/金世佳/卜冠今/苇青/洪剑涛/桑平
130,泰坦尼克号3D,2012,94620.45,美国,爱情,爱情/灾难/剧情,194,詹姆斯·卡梅隆,莱昂纳多·迪卡普里奥/凯特·温丝莱特/比利·赞恩/凯西·贝茨
131,流浪地球,2019,468150.37,中国,科幻,科幻/冒险,125,郭帆,吴京/屈楚萧/李光洁/吴孟达/赵今麦/隋凯/屈菁菁
132,流浪地球2,2023,403027.0,中国,科幻,科幻/冒险/灾难,173,郭帆,吴京/刘德华/李雪健/沙溢/宁理
133,海王,2018,185217.7,美国,动作,动作/科幻/冒险,143,温子仁,杰森·莫玛/艾梅柏·希尔德/帕特里克·威尔森/威廉·达福
134,消失的她,2023,352669.3,中国,剧情,剧情/悬疑/犯罪/友情,121,崔睿/刘翔,朱一龙/倪妮/文咏珊/杜江/黄子琪/祝海钰
135,深海,2023,91975.83,中国,动画,动画/奇幻,112,田晓鹏/金大勇/崔丽/刘振乾/范凯/刘虎/玄新影/胡世超/吴华,苏鑫/王亭文/滕奎兴/杨婷/吉静/郭浩然/田晓鹏/董一/方韬辰
136,温暖的抱抱,2021,66953.33,中国,喜剧,喜剧/爱情,112,常远,常远/李沁/沈腾/乔杉/田雨/王智/魏翔
137,港囧,2015,161353.64,中国,喜剧,喜剧/怀旧,114,徐峥/阮惟新,徐峥/包贝尔/葛民辉/杜鹃/李灿森/潘虹
138,湄公河行动,2016,118417.45,中国,动作,动作/犯罪/剧情/主旋律,124,林超贤/缪健德,张涵予/彭于晏/冯文娟/孙淳
139,满江红,2023,454588.76,中国,剧情,剧情/喜剧/悬疑/古装,159,张艺谋,沈腾/易烊千玺/张译/雷佳音/岳云鹏
140,澳门风云,2014,52470.41,中国,喜剧,喜剧/动作,93,王晶/钟少雄,周润发/谢霆锋/杜汶泽/景甜
141,澳门风云2,2015,97484.66,中国,喜剧,喜剧/动作,110,王晶/张敏/阚家伟,周润发/刘嘉玲/王诗龄/张家辉/余文乐/胡然
142,澳门风云3,2016,111817.63,中国,喜剧,喜剧/动作,112,王晶/刘伟强/王天娇/钟少雄,周润发/刘德华/张学友/李宇春
143,火星救援,2015,58690.21,美国,科幻,科幻/动作/冒险,144,雷德利·斯科特/卢克·斯科特,马特·达蒙/杰西卡·查斯坦/塞巴斯蒂安·斯坦/阿卡塞尔·亨涅
144,烈火英雄,2019,170338.71,中国,灾难,灾难/抢险/动作/爱情/亲情/主旋律,120,陈国辉,黄晓明/杜江/谭卓/侯勇/印小天
145,热烈,2023,91376.32,中国,剧情,剧情/励志/青春/竞技,124,大鹏,黄渤/王一博/刘敏涛/岳云鹏/小沈阳/张子贤/宋祖儿
146,煎饼侠,2015,116030.91,中国,喜剧,喜剧/爱情,113,大鹏,大鹏/袁姗姗/柳岩/尚格·云顿/郭采洁
147,熊出没·伴我“熊芯”,2023,149594.24,中国,动画,动画/喜剧/科幻,96,林永长/邵和麒,张秉君/谭笑/张伟/缪莹莹/贾晨露
148,熊出没·重返地球,2022,97830.21,中国,动画,动画/喜剧/科幻,95,林汇达/彭寅/张秉君/谭笑,张秉君/张伟/谭笑/李婉瑶/程子洋/刘思奇
149,爸爸去哪儿,2014,69628.15,中国,剧情,剧情/真人秀/亲情/综艺大电影,95,谢涤葵/林妍,林志颖/田亮/郭涛/王岳伦
150,特种部队2:全面反击,2013,33805.86,中国,动作,动作/冒险/科幻,110,朱浩伟,雷·帕克/查宁·塔图姆/李秉宪/道恩·强森/布鲁斯·威利斯/阿德琳妮·帕里奇
151,狂暴巨兽,2018,100395.05,美国,动作,动作/科幻,107,布拉德·佩顿,道恩·强森/娜奥米·哈里斯/乔·曼根尼罗/玛丽·谢尔顿
152,狄仁杰之神都龙王,2013,60077.71,中国,动作,动作/古装/悬疑,128,徐克,赵又廷/冯绍峰/杨颖/林更新/刘嘉玲
153,狙击手,2022,60832.02,中国,剧情,剧情/动作/战争/主旋律,96,张艺谋/张末,陈永胜/章宇/刘奕铁/黄炎/王梓屹
154,独行月球,2022,310476.16,中国,喜剧,喜剧/科幻,121,张吃鱼,沈腾/马丽/郝瀚/常远/李诚儒/黄才伦/黄子韬
155,狼图腾,2015,69960.24,中国/法国,剧情,剧情/冒险,121,让·雅克·阿诺,冯绍峰/窦骁/尹铸胜/昂哈妮玛
156,猩球崛起2:黎明之战,2014,70921.75,美国,科幻,科幻/动作,140,马特·里夫斯/布莱德利·帕克,安迪·瑟金斯/加里·奥德曼/杰森·克拉克/朱迪·格雷尔
157,猩球崛起3:终极之战,2017,73978.18,美国,动作,动作/冒险/科幻/剧情,140,马特·里夫斯,安迪·瑟金斯/朱迪·格雷尔/伍迪·哈里森/泰瑞·诺塔里
158,环太平洋,2013,69464.8,美国,科幻,科幻/冒险/动作,131,Guillermo del Toro,查理·汉纳姆/菊地凛子/伊德瑞斯·艾尔巴/朗·普尔曼
159,生化危机:终章,2017,111181.73,美国/德国,科幻,科幻/动作,99,保罗·安德森,米拉·乔沃维奇/伊恩·格雷/肖恩·罗伯茨/鲁比·罗丝
160,画皮2,2012,70210.3,中国,爱情,爱情/奇幻/悬疑,135,乌尔善/任永强,周迅/陈坤/赵薇/杨幂
161,疯狂动物城,2016,153032.88,美国,动画,动画/冒险,108,杰拉德·布什/拜伦·霍华德/瑞奇·摩尔,金妮弗·古德温/杰森·贝特曼/艾伦·图代克/夏奇拉
162,疯狂原始人,2013,39472.32,美国,动画,动画/冒险/喜剧,98,克里斯·桑德斯/柯克·德·米科,尼古拉斯·凯奇/艾玛·斯通/瑞安·雷诺兹/凯瑟琳·基纳/克劳斯·利特曼
163,疯狂原始人2,2020,33802.62,美国,动画,动画/冒险/喜剧,96,克里斯·桑德斯/柯克·德·米科/乔尔·克劳福德,凯特:·戴琳斯/克劳斯·利特曼/克劳斯·利特曼
164,疯狂的外星人,2019,221275.04,中国,喜剧,喜剧/科幻,116,宁浩/刘十六,黄渤/沈腾/汤姆·派福瑞/马修·莫里森
165,白蛇2:青蛇劫起,2021,58013.74,中国,动画,动画/奇幻/冒险,131,黄家康,张喆/马程/林强/徐佳琦/张碧玉/宝木中阳/魏超
166,盗墓笔记,2016,100439.45,中国,奇幻,奇幻/悬疑,123,李仁港,井柏然/马思纯/王景春/鹿晗
167,碟中谍4,2012,67219.44,美国,动作,动作/冒险/惊悚,133,布拉德·伯德,汤姆·克鲁斯/宝拉·巴顿/杰瑞米·雷纳/西蒙·佩吉
168,碟中谍5:神秘国度,2015,86976.89,中国/美国,动作,动作/冒险/惊悚,131,克里斯托弗·麦奎里,汤姆·克鲁斯/丽贝卡·弗格森/杰瑞米·雷纳/西蒙·佩吉/亚历克·鲍德温
169,碟中谍6:全面瓦解,2018,124521.67,美国,动作,动作/惊悚/冒险,148,克里斯托弗·麦奎里,汤姆·克鲁斯/丽贝卡·弗格森/杰瑞米·雷纳/亨利·卡维尔
170,神偷奶爸3,2017,103780.33,美国,动画,动画/喜剧,90,凯尔·巴尔达/皮埃尔·柯芬/埃里克·吉隆,崔·帕克/史蒂夫·卡瑞尔/克里斯汀·韦格/米兰达·卡斯格拉夫/安迪·尼曼
171,神探大战,2022,71224.07,中国,剧情,剧情/悬疑/动作/犯罪,101,韦家辉,刘青云/蔡卓妍/林峯/李若彤/谭凯/汤怡
172,私人订制,2013,58871.5,中国,喜剧,喜剧,118,冯小刚/张晴帆/左懿,葛优/白百何/李小璐/王宝强/范伟/宋丹丹
173,穿过寒冬拥抱你,2022,66564.09,中国,剧情,剧情/爱情/主旋律,124,薛晓路,黄渤/贾玲/朱一龙/徐帆/高亚麟
174,紧急救援,2020,43860.83,中国,剧情,剧情/灾难,134,林超贤,彭于晏/王彦霖/辛芷蕾/蓝盈莹/王雨甜/徐洋/李岷城
175,红海行动,2018,365077.8,中国,动作,动作/剧情/犯罪/主旋律,138,林超贤,张译/海清/黄景瑜/杜江
176,终结者:创世纪,2015,72535.83,美国,科幻,科幻/动作/冒险,126,阿兰·泰勒,阿诺德·施瓦辛格/艾米莉亚·克拉克/杰·科特尼
177,绝地逃亡,2016,88938.11,中国/美国,动作,动作/喜剧/冒险,120,雷尼·哈林,成龙/范冰冰/郭品超/施诗
178,美人鱼,2016,339209.93,中国,喜剧,喜剧/爱情/科幻/怀旧,93,周星驰/林子聪,邓超/张雨绮/罗志祥/林允
179,美国队长2:冬日战士,2014,71853.04,美国,动作,动作/冒险/科幻,133,安东尼·罗素/乔·罗素,克里斯·埃文斯/塞巴斯蒂安·斯坦/斯嘉丽·约翰逊/塞缪尔·杰克逊
180,美国队长3:英雄内战,2016,124624.53,美国,动作,动作/科幻/冒险,148,安东尼·罗素/乔·罗素,克里斯·埃文斯/小罗伯特·唐尼/斯嘉丽·约翰逊/塞巴斯蒂安·斯坦
181,羞羞的铁拳,2017,220174.87,中国,喜剧,喜剧/奇幻,100,张吃鱼/宋阳,马丽/沈腾/艾伦/田雨/薛皓文/常远
182,致我们终将逝去的春,2013,71909.57,中国,爱情,爱情/青春,132,牛超/张博维,赵又廷/韩庚/杨子姗/韩红/张瑶
183,花木兰,2020,27733.11,美国/中国,剧情,剧情/冒险/亲情/动作,115,妮琪·卡罗/恩加尔·伍兹/海伦·吴,刘亦菲/甄子丹/李截/安佑森/巩俐
184,芳华,2017,118754.16,中国,战争,战争/剧情/爱情,136,冯小刚,黄轩/苗苗/钟楚曦/杨采钰/李晓峰
185,蚁人,2015,67175.5,美国,科幻,科幻/动作/冒险,117,佩顿·里德,保罗·路德/迈克尔·道格拉斯/伊万杰琳·莉莉/寇瑞·斯托尔
186,蚁人2:黄蜂女现身,2018,83155.66,美国/英国,动作,动作/科幻/冒险,118,佩顿·里德,保罗·路德/伊万杰琳·莉莉/迈克尔·道格拉斯/迈克尔·佩纳
187,蜘蛛侠:英雄归来,2017,77413.86,美国,动作,动作/科幻/冒险/奇幻,133,乔·沃茨,汤姆·赫兰德/玛丽莎·托梅/赞达亚/小罗伯特·唐尼/迈克尔·基顿
188,蜘蛛侠:英雄远征,2019,141750.77,美国,动作,动作/科幻/冒险,135,乔·沃茨,汤姆·赫兰德/赞达亚/杰克·吉伦哈尔/玛丽莎·托梅/迈克尔·基顿/寇碧·史莫德斯
189,蝙蝠侠:黑暗骑士崛起,2012,33878.0,美国/英国,动作,动作/犯罪/剧情/惊悚,165,克里斯托弗·诺兰,克里斯蒂安·贝尔/汤姆·哈迪/约瑟夫·高登-莱维特/安妮·海瑟薇
190,西游伏妖篇,2017,165592.64,中国,奇幻,奇幻/动作/喜剧,108,徐克,吴亦凡/林更新/姚晨/包贝尔/巴特尔
191,西游记之大圣归来,2015,95642.89,中国,动画,动画/动作,90,田晓鹏,张磊/林子杰/吴文伦/童自荣/刘九容
192,西游记之大闹天宫,2014,104549.01,中国,奇幻,奇幻/动作/爱情,119,郑保瑞,张优/海一天/庾澄庆/吴汉章
193,西游记之孙悟空三打白骨精,2016,120100.8,中国,动作,动作/奇幻/喜剧,120,郑保瑞,郭富城/巩俐/冯绍峰/小沈阳
194,西游降魔篇,2013,124698.53,中国,奇幻,奇幻/喜剧/冒险,110,郭子健/周星驰/张超理,黄渤/舒淇/文章/罗志祥/周秀娜
195,西虹市首富,2018,254757.16,中国,喜剧,喜剧,118,闫非/彭大魔,沈腾/宋芸桦/张一鸣/张晨光
196,警察故事2013,2013,34536.67,中国,动作,动作/警匪,107,丁晟/陈木胜,成龙/景甜/刘烨/周晓鸥/那威/刘仪伟/殷桃/古力娜扎
197,误杀,2019,133399.8,中国,剧情,剧情/犯罪,112,柯汶利,肖央/谭卓/陈冲/许文珊/张熙然/姜皓文
198,误杀2,2021,112170.45,中国,剧情,剧情/家庭/犯罪,118,戴墨/张喆,肖央/任达华/文咏珊/陈雨锶/宋洋/李治廷
199,谍影重重4,2012,21314.7,美国,动作,动作/冒险/惊悚,135,保罗·格林格拉斯/托尼·吉尔罗伊,马特·达蒙/杰瑞米·雷纳/爱德华·诺顿/董切尔·薇兹
200,超人:钢铁之躯,2013,39448.49,美国,动作,动作/科幻/冒险,143,扎克·施奈德,亨利·卡维尔/艾米·亚当斯/罗素·克劳/凯文·科斯特纳/克里斯托弗·米洛尼
201,超凡蜘蛛侠,2012,31051.6,美国,科幻,科幻/动作/冒险/惊悚,152,山姆·雷米/马克·韦布,艾玛·斯通/安德魯·加菲尔德/斯坦·李/瑞斯·伊凡斯
202,超凡蜘蛛侠2,2014,58558.65,美国,科幻,科幻/动作/冒险,141,马克·韦布,安德鲁·加菲尔德/艾玛·斯通/杰米·福克斯/戴恩·德哈恩
203,超时空同居,2018,89988.43,中国,奇幻,奇幻/爱情/喜剧,101,苏伦,雷佳音/佟丽娅/徐峥/陶虹
204,超级战舰,2012,31010.73,美国,动作,动作/科幻,125,彼得·博格,blo Helman / David Lingenfelser连姆·尼森/Alexander Skarsg&#229;rd/泰勒·克奇/Brooklyn Decker
205,这个杀手不太冷静,2022,262919.47,中国,喜剧,喜剧,109,邢文雄,马丽/魏翔/周大勇/黄才伦/艾伦/陈明吴
206,送你—朵小红花,2021,119591.04,中国,剧情,剧情/家庭,128,韩延,易炸千玺/刘浩存/朱媛媛/高亚麟/夏雨
207,速度与激情10,2023,98540.64,美国,动作,动作/惊悚/犯罪,141,路易斯·莱特里尔,范·迪塞尔/米歇尔·罗德里格兹/杰森·莫玛/布丽·拉尔森/查理兹·塞隆/杰森·斯坦森
208,速度与激情6,2013,41330.47,美国,动作,动作/犯罪/冒险,130,林诣彬,范·迪塞尔/保罗·沃克/道恩·强森/卢克·伊万斯/米歇尔·罗德里格兹
209,速度与激情7,2015,242658.3,美国/日本,动作,动作/犯罪,138,温子仁,范·迪塞尔/保罗·沃克/道恩·强森/杰森·斯坦森/米歇尔·罗德里格兹/乔丹娜·布鲁斯特
210,速度与激情8,2017,267095.62,美国,动作,动作/犯罪,136,F·加里·格雷,范·迪塞尔/杰森·斯坦森/道恩·强森/米歇尔·罗德里格兹/泰瑞斯·吉布森
211,速度与激情9,2021,139233.41,美国,动作,动作/犯罪/冒险,142,林诣彬,范迪塞尔/卢卡斯·布莱克/泰瑞斯·吉布森/米歇尔·罗德里格兹/
212,速度与激情:特别行动,2019,143430.07,美国,动作,动作/冒险/犯罪,134,大卫·雷奇,道恩·强森/杰森·斯坦森/伊德瑞斯·艾尔巴/艾莎·冈萨雷斯/凡妮莎·柯比/海伦·米伦
213,金刚:骷髅岛,2017,116049.92,美国,动作,动作/奇幻/冒险,119,乔丹·沃格特-罗伯茨,汤姆·希德勒斯顿/布丽·拉尔森/科瑞·霍金斯/塞缪尔·杰克逊/约翰·古德曼
214,金刚川,2020,112288.74,中国,剧情,剧情/历史/战争/主旋律,122,管虎/郭帆/路阳/田羽生,张译/吴京/李九霄/魏晨/邓超/邱天/周思羽/欧豪
215,金刚狼3:殊死—战,2017,73162.94,美国,动作,动作/科幻,123,詹姆斯·曼高德,休·杰克曼/帕特里克·斯图尔特/波伊德·霍布鲁克/理查德·格兰特
216,钢铁侠3,2013,75486.34,美国/中国,科幻,科幻/动作/冒险,134,刘静仪/沙恩·布莱克,格温妮斯·帕特洛/詹姆斯·戴尔/伊芳·齐玛/李斯羽/布鲁克·杰伊·泰勒
217,铃芽之旅,2023,80822.25,日本,动画,动画,121,新海诚,原菜乃华/松村北斗/深津绘里/染谷将太
218,银河护卫队,2014,59600.91,美国,动作,动作/冒险/科幻,122,詹姆斯·古恩,克里斯·帕拉特/佐伊·索尔达娜/布莱德利·库珀/戴夫·巴蒂斯塔
219,银河补习班,2019,87772.26,中国,剧情,剧情/亲情/家庭,147,邓超/俞白眉,邓超/孙淞伦/冯泽昂/白宇/任素汐
220,长城,2016,97937.33,美国/中国,奇幻,奇幻/动作/冒险,104,张艺谋/刘静仪,鹿晗/马特·达蒙/威廉·达福/佩德罗·帕斯卡
221,长安三万里,2023,182539.97,中国,动画,动画/历史,167,谢君伟/邹靖,杨天翔/凌振赫/吴俊全/宣晓鸣/卢力峰
222,长津湖,2021,577282.93,中国,剧情,剧情/战争/历史/主旋律,176,陈凯歌/徐克/林超贤,吴京/易祥千玺/段奕宏/朱亚文/李晨/胡军/韩东君/张涵予/黄轩/欧豪
223,长津湖之水门桥,2022,406922.43,中国,战争,战争/历史/主旋律,149,徐克,吴京/易烊千玺/朱亚文/李晨
224,长空之王,2023,85033.4,中国,剧情,剧情/动作/主旋律,128,刘晓世,王一博/胡军/周冬雨/于适/卜钰/翟宇佳/王子宸/芦鑫/曲哲明/田壮壮
225,阿丽塔:战斗天使,2019,89697.79,美国/加拿大,动作,动作/科幻/冒险,122,罗伯特·罗德里格兹,罗莎·萨拉扎尔/克里斯托弗·瓦尔兹/马赫沙拉·阿里/詹妮弗·康纳利/基恩·约翰逊
226,阿凡达:水之道,2022,169750.34,美国,动作,动作/科幻/冒险,190,詹姆斯·卡梅隆,萨姆·沃辛顿/佐伊·索尔达娜/西格妮·韦弗/史蒂芬·朗
227,除暴,2020,53761.28,中国,动作,动作/犯罪/警匪,95,刘浩良/何耀良,王千源/吴彦祖/春夏/卫诗雅/大力
228,雷神2:黑暗世界,2013,34239.64,美国,动作,动作,112,阿兰·泰勒/蒂姆·米勒/詹姆斯·古恩,克里斯·海姆斯沃斯/娜塔莉·波特曼/汤姆·希德勒斯顿/伊德瑞斯·艾尔巴
229,雷神3:诸神黄昏,2017,74302.9,美国,动作,动作/冒险/奇幻,125,塔伊加·维迪提,克里斯·海姆斯沃斯/汤姆·希德勒斯顿/杰米·亚历山大/马克·鲁法洛
230,霍比特人2:史矛革之战,2014,46270.59,美国/新西兰,奇幻,奇幻/冒险/剧情/动作,161,彼得·杰克逊/安迪·瑟金斯,马丁·弗瑞曼/伊恩·麦克莱恩/奥兰多·布鲁姆/理查德·阿米蒂奇
231,霍比特人3:五军之战,2015,76649.78,美国/新西兰,奇幻,奇幻/冒险/动作,144,彼得·杰克逊/安迪·瑟金斯,马丁·弗瑞曼/伊恩·麦克莱恩/本尼迪克特·康伯巴奇/卢克·伊万斯
232,飞驰人生,2019,172732.64,中国,喜剧,喜剧/动作,98,韩寒,沈腾/黄景瑜/尹正/尹防/田雨/腾格尔
233,魔兽,2016,147214.29,美国,动作,动作/冒险/奇幻,124,邓肯·琼斯,宝拉·巴顿/崔维斯·费米尔/本·福斯特/托比·凯贝尔
234,黑衣人3,2012,50342.59,美国,动作,动作/喜剧/科幻,103,巴里·索南菲尔德,汤米·李·琼斯/乔什·布洛林/杰玛·阿特登/艾玛·汤普森
